baseball,討論 宋 88 有 機會 嗎
tech_job,新聞 面板 復甦 雙虎 加薪
baseball,巨人  v  廣島 横川凱ア ドゥワ誠
boy-girl,討論 請問 男生 會 喜歡 收到 爆炸 禮物盒 嗎
hatepolitics,討論 美國 只是 想 誘騙 台灣 交出 台積電
tech_job,請益 同 年紀 同 單位 不同 職等
pc_shopping,開箱  reeven  hans 開箱 測試
baseball,新聞 日職 佐佐木朗希 談 約 陷 僵局 想 挑戰 大
stock,新聞 中華電 攜手 宏達電  vr 遠端 談成 5 g 策略
military,分享  美 海陸 復仇 女神 車載 nsm
baseball,新聞  成晉 技術 調整到 70  經典賽 角色 底定
c_chat,閒聊  ubi 確定 爛 過 ea 了 嗎
c_chat,蔚藍 哇幹   u 美 背
boy-girl,討論 時間 能 倒轉
pc_shopping,菜單  20 k  電腦 菜單 請益
hatepolitics,新聞 民眾 黨 代表 票數 校正 回歸 她 喊話 徹查
stock,心得 何謂 停利
c_chat,討論 台灣 黃遊 產業 有 多 強
c_chat,鳴潮 日本 玩家 是 不 是 原諒 庫洛 了
tech_job,徵才 新加坡 蝦皮 招募 電腦 軟體 工程師
stock,標的 和 益 1709 多
baseball,討論 各 隊 感謝祭 都 做 些 什麼
c_chat,情報  壽屋  arcanadea  動畫 預告 視覺圖 公開
hatepolitics,討論 演唱會 沒有 阿北 8800 都 算 便宜
c_chat,24 夏 新人 大叔 冒險 者 算是 本 季 黑馬 嗎
stock,標的 群創 技術面 多
hatepolitics,黑特 天 啊 藍白 共網軍 太 下賤 太下幹 了 吧
stock,請益 為何 俄羅斯 股市 沒有 熔斷 機制
lifeismoney,情報 街口 指定 電商 消費 送 星巴克 美式
c_chat,絕區  あられや こんこん   弌 誠 music  video
baseball,炸裂  岡 大海
stock,請益 想想 真是 做對 了
c_chat,實況 惡靈 古堡 4 好 首頁
c_chat,今泉 太太 一起 來 玩 嘛
c_chat,原神 大 世界 探索 都 自己 找 看 影片
tech_job,請益 台灣 基恩斯 面試
pc_shopping,菜單  40 k 影音 遊戲機
pc_shopping,請益 電腦椅 推薦
tech_job,新聞 傳  amd 將 成為 三星  3  奈米 首位 客戶 市場
c_chat,閒聊 魔法 少女 小圓 第10 話  aniplex 頻道 直播
lifeismoney,情報  1014 屈臣氏 一 日 樂翻天
baseball,炸裂 林子偉
baseball,分享 今日 logan
pc_shopping,菜單 實況 模擬器 雙開 lol 35 k   40 k
military,情報 進香團 宣稱 佔領 了 庫爾斯克州 喬特基諾
c_chat,蔚藍 遊戲 開發部 廢 部
boy-girl,討論 想 請教 這 種 條件 人 多 嗎
baseball,分享 鍵盤 球探 王念好 訪談
hatepolitics,討論 年羹堯 會不會 變成 搜尋 大 熱門
lifeismoney,情報  ponta 點數 轉換成 line  points
boy-girl,分享 終於 結束 了
c_chat,閒聊  賀  2026 邦邦 10 週年 大拜拜
hatepolitics,討論 說 國民黨 終於 硬起來 了 是 搞 不 清楚 狀況 吧
hatepolitics,舊聞 柯文哲 政治 不 困難 找回 良心 而已
stock,新聞 杏國 胰臟癌 藥 將 解 盲 生醫股 淡定 對
military,情報 烏俄 戰爭 isw 戰報 20240501
stock,其他  109年 01月 31日 三 大 法人 買賣 金額 統計表
boy-girl,求助 她 太 黏 我 太 冷
c_chat,vtub  1230 絆 愛  1 st  live 特別 公開
hatepolitics,討論 台積電 總共 投資 美國 1650億 美金 耶
stock,心得 國際 企業 台股 供應鏈
baseball,問題 可以 找 戰犯 了 吧 誰 是 戰犯 有 人 知道 嗎
c_chat,蔚藍 國際 服收 最多 巧克力 學生
tech_job,請益 矽品 研發 替代役
stock,請益 非農 是 不 是 在 騙人
c_chat,討論 羅傑 算是 運氣 點 滿 男人 嗎
lifeismoney,省錢 郵政 visa 金融卡 全 國 加油站 週五 降 18 元
c_chat,閒聊 地下城 遇到 麵包 超人 會 是 什麼 感覺
tech_job,新聞 拒 混入 fb 峰會 竊 密 竟 炒  前 華為 員工 求償 3
stock,新聞 貨櫃 船運 現貨價 低於 長約價 是 短期 現象 顏
baseball,情報  wbc 墨西哥 目前 預計 先發 投手 排程
baseball,新聞 悍將 球員 打 12 強 林華韋 尊重 選手 意願 強
c_chat,討論 楓 m  是 不 是 超 吃 寵物 啊
boy-girl,公開 道歉 本人 文章 內容 謬誤
c_chat,劇場版 後編 第五 週 入場 者 特典
c_chat,閒聊 擅長 逃跑 殿下 算 奇幻 作品 嗎
baseball,分享 今日 陳文杰
lifeismoney,情報 台北 京站 台隆 gatsby 髮醬 買 一 送 一
c_chat,活俠 小 更新
stock,新聞 達成 和解 股 作價 大立光 換得 先進光 15
baseball,分享 陳冠宇 單 局 3k
c_chat,閒聊 電影院 看 義妹 生活
pc_shopping,心得 多 張  sandisk 記憶卡 效能 測試
military,討論 新任 國防部長 lloyd  austin 國會 豁免
hatepolitics,轉錄 林俊憲  threads
c_chat,ｏ 榜 上 週 漫畫 銷量  轉史 間諜 獵人 黃泉 能幹 貓
military,分享 有關 韓國 雙 12 政變 書單
stock,新聞 比亞迪 淨利 驟 降 近 30  股民 吵翻天
stock,標的  3443  創意
baseball,新聞 張育成 跑過 泰源 好漢坡 王政順 跑到 想
hatepolitics,討論 又 一 個 武統 支配 孬 了
stock,情報  0310 上市 外資 買賣超 排行
tech_job,請益 同泰 電子 研發 替代役
boy-girl,討論 沒有 什麼 大是 大非 問題
pc_shopping,情報 技嘉 brix 指定 小 主機 限量 甜蜜 價
tech_job,徵才 美商 捷聯 科技 徵 初階 業務
baseball,分享  2025  top  100  players  in  mlb 4021
tech_job,新聞  ai 大數據 成為 奧運 選手 成績 提升 關鍵
military,新聞 義務役 進 戰鬥 部隊 邱國正 會 徵求 個人 意願
baseball,分享 林書逸 滿壘 安打數 追平 富邦
stock,新聞 高雄 楠梓 晚間 突然 停電 道路 一 片 漆黑 約 409
hatepolitics,轉錄 名為 變態 神父 不 是 找 工作 是 找 活路
hatepolitics,討論 有 藍白 貼 台積電 空單 嗎
military,提問 勞瑞 130 飛艇
tech_job,請益 內湖 科學園區 哪裡 有 較多 吃
c_chat,韓漫 漫畫 本身 不錯 名字 取 太 爛
stock,新聞 自己 股票 自己 救 陸股 今年 已 有 638 家 上
lifeismoney,情報 各 大 3c 賣場 特賣 資訊 412 418
lifeismoney,新聞 台灣 中油 邀 您 種下 藝 苗 環保 贈 樹苗 活
lifeismoney,情報 全家 行動 購 男士 針織 平口褲 9 件 199 元
c_chat,補番 是 哥哥 有 愛 就 沒 問題 了  02 介紹 回
pc_shopping,閒聊  ltt 開箱 索泰 rtx 4090
pc_shopping,請益 舊 電腦 想 更新 問題 請教 專業
pc_shopping,菜單  30 k40 k 遊戲機
pc_shopping,請益 如何 買到 nvidia  titan  rtx  pchome 賣完 了
c_chat,劍星 為什麼 不 選擇 雷玟 做愛 雷
baseball,分享 今日 江國豪
baseball,討論  2022 中職 十 大 事件
stock,新聞 南韓 敲定 未來 十 年 能源 技術 發展 計劃 16
baseball,新聞  巨人 簽 黃錦豪 目標 養成 王牌 左投 披 041
lifeismoney,情報  powersync  6 開 6 插  27 m 450 元  18 m 269 元
pc_shopping,情報 藝人店 acer  12400 f8 g 512 g 1650 卡 16900
c_chat,閒聊 九日 裡面 果然 心 是 甚麼
baseball,新聞  xbx 台鋼 雄鷹 魔鷹 相隔 18 天 打點  洪一中
baseball,新聞  12 強 台灣 隊長 陳傑憲 獲 mvp  淚 喊 我們 創造 歷史 這 座 冠軍 是 奇
baseball,西武  v  軟銀 武内 夏暉 松本晴
lifeismoney,情報  coway 清淨機  momo 折扣 送 mo幣
tech_job,新聞  2019年 機器人 領域 值得 關注 五 大 趨勢
stock,新聞 台積電 聯發科 翻車 指數 跌 逾 百 點 失守 228
tech_job,情報 寶寶 中秋 難受 想 哭
stock,新聞 特斯拉 2020年 電動車 市場 佔率 18 預定
c_chat,閒聊 一 鍵 生產 道具 文案
military,提問 俄軍 第一 階段 進攻 不 打 基輔
military,閒聊 最近 國軍 武裝 開發 相關 新聞 整理
tech_job,請益 通訊所 重考 數位 ic組 疑問
baseball,討論 台灣 大賽 mvp  vs 日職  0063
boy-girl,討論 這 個 女生 心態 究竟 是 什麼
tech_job,新聞 歐盟 指控 微軟 teams 捆綁 銷售 違反 競爭法 再
baseball,新聞 林威助 也 有 看 12 強 冠軍戰 感受到 球員 眼神
c_chat,情報  ps  近期 遊戲 消息 傳聞
military,新聞 波音 洛馬 vs 川普
tech_job,徵才 聯發科 it  oracle 資料庫 管理 工程師
lifeismoney,情報  op 週四 換 好康
military,新聞 烏克蘭 請 我們 來 做 實戰 測試
baseball,討論 恰恰 季 後 會 想 辦法 檢討 改進 嗎
baseball,情報 柳胖 膝蓋 x光 陰性 下 次 先發 正常
pc_shopping,菜單  30 k  遊戲機
stock,新聞 中國 缺電荒 恐 持續 幾 個 月 牛津 教授 成 供
pc_shopping,情報 某 屋 雷蛇 多 項 產品 特價
tech_job,徵才 派遣 外商 銀行 資訊 專案 人員
baseball,新聞 醒 了 村上宗隆 打擊 練習 轟 超遠 全壘打
c_chat,網購 中年 男 異 世界 網購 生活 第四 話 先行圖
military,分享 俄羅斯 il 76 運輸機 壓力 測試 失敗 後 爆炸
baseball,分享 今日 陳仕朋
c_chat,俄語 政近 是 喜歡 艾莉 哪 一 點 啊
c_chat,閒聊 我 發現 了 王建民 角色 有點 像 幻海 ～
baseball,新聞 左外野 有毒 莊韋恩 嚴重 瑕疵 丘總 教練
c_chat,情報 九歌 出版社 也 要 投入 漫畫 輕小說 出版
baseball,新聞  桃猿 待 主力 不 薄 3 大 重砲 領 頂薪  浦韋青 點
c_chat,閒聊 死神 和尚 想 幹嘛
stock,新聞 日系 外資 喊 減碼 調降 世界 先進 目標價 55
boy-girl,討論 真愛 是 不 需要 設 停損點 的
baseball,討論 下 週彬 到底 多 神
baseball,情報 韓職 1028 先發 韓國 大賽 g5
baseball,新聞 中職 ／ 陳柏清 62 局 無 失分 止敗 洪總
baseball,新聞 看好 許庭綸 成為 兄弟 看板 球星 平野惠 一 選
military,新聞 軍用 無 人 船 成 趨勢 中信 造船
c_chat,蔚藍 最 頂 女僕
baseball,新聞 蔣智賢 重返 一軍 扛 先發 第五棒
stock,情報  2488 漢平 11月 營收  mom 1032  yoy 1745
boy-girl,討論 女友 朋友 餵 我 吃 東西 我 該 怎麼辦
hatepolitics,討論 勞動部 職場 霸凌 消息 來源 是 這 個
lifeismoney,請問 醫院 活動 桌子 可以 改造成 熨桌 嗎 已 解決
baseball,情報 英國 比利時 晉級 歐洲 u15 正賽
baseball,分享 道奇 世界 大賽 g1 先發 jack  flaherty
c_chat,24 秋 魔王 2099  02 瑪琪娜 好 婆
baseball,新聞 第1 次 打 經典賽 很 興奮 林子偉 還 想 帶 荷
c_chat,問題 反逆 魯魯修 是 不 是 糞作
military,閒聊  discovery 武器 決勝點 手槍 疑問
military,新聞 中科院 成功 研製 炸藥 王  cl 20 高能 炸
c_chat,情報 原創 動畫 機械臂 主題曲 澤野弘之
baseball,新聞 樂天 桃猿 第一 階段 談 薪 完成 陳克羿 月薪 漲
c_chat,情報 是 公會 櫃檯 小姐 略 視覺圖  pv
c_chat, 響 咲リオナ 想 舔舔 公主 嘴 裡 傷口
c_chat,閒聊 我 推 還 有 辦法 動畫 救 起來 嗎
boy-girl,討論 適合 情侶 之間 溝通 書
lifeismoney,情報 領取  台新 point  1 點
baseball,討論 洪一中 陳瑞振 皆 合約 未 提前 請辭 是 什麼 原因
baseball,新聞  選 球眼 吳念庭 五 場 上壘 王柏融 進帳 1
c_chat,閒聊 活俠傳 龍湘 去 唐門 偷吃 東西 會 毒倒 吧
c_chat,情報 巫師 4 預告片 藏 傑洛特 配音 彩蛋
pc_shopping,請益 請 推薦 1 k 2 k 喇叭
pc_shopping,菜單  lightroom   photoshop 修圖機
boy-girl,求助 天氣 不 好 約會 地點
baseball,討論  tommy  edman 當時 為什麼 加入 韓國 國家隊
stock,心得 每 次 都 怪 學校 沒 教 投資 是 你 沒 在 上課 吧
pc_shopping,菜單  30 k  遊戲機
pc_shopping,菜單 45k 遊戲機
tech_job,請益 和碩 第三 事業群 研替
lifeismoney,情報  711  限時 優惠  812816
stock,情報  2308 台達電 113年 03月 營收 年 減 76
c_chat,金卡 瞇 出來 嗎
c_chat,閒聊 抓 寵 系統 是 何時 式微 的
c_chat,蔚藍 檔案 百合園 聖亞
tech_job,討論 系統廠 hw
lifeismoney,情報  ok 三五 分享 日  同 商品 買 一 送 一 06030605
boy-girl,討論 一般 女性 朋友 有 需要 去 接 她 嗎
stock,請益 請問 外資 大 買 現貨 嘎 爆 自己 空單 是 幹嘛
stock,新聞 中國 第2 季 經濟 成長率 47  低於 市場 預期
pc_shopping,開箱  fractal  design  ion  gold  850 w 全 模組化
c_chat,祥子 怎麼 可以 一 句 對不起 就 切開 所有 親密
baseball,分享 謝長亨 臉書
stock,新聞 外資 瑞銀 證3 質疑 下修 台股 目標價 萬
pc_shopping,開箱 火鳥  諾瓦星 nova  extreme 白色版 開箱 分享
boy-girl,討論 另 一半 騎車 開車 時 互動
hatepolitics,討論 看 照片 評論 罷免 真的 很 蠢 欸
baseball,新聞  mlb 美媒 點評 現役 十 大 爛 約 天使 佔 兩 席
baseball,炸裂  brandon  nimmo
c_chat,討論 有 沒有 中國 打爛 作品
baseball,水手 太空人
stock,新聞  iphone 大本營 拉 警報 外媒 揭 兩 大 敗因
stock,請益 請問 大家 該 如何 操作
stock,情報  2646  星宇 航空  113年 第三 季 財務 報告  064
boy-girl,心情 感謝 各位 可以 停止 了
stock,新聞 新光金 台股 封關秀 誰 是 2022年 外資
pc_shopping,菜單  65 k  遊戲機 含 螢幕 os 鼠鍵
boy-girl,討論 這 算 仇 女 嗎
boy-girl,北 宿舍 他
pc_shopping,請益 喇叭 2 款 如何 選 比較 好
c_chat,閒聊 靈血 修 仙 351
baseball, cpbl 例行賽 011 味全  vs  富邦 新莊
c_chat,情報 寶可夢 地平線 動畫 新 章  mega 進化
stock,情報  3030 德律 8月 自結 單月 eps 079
hatepolitics,黑特 心情 大壞 時 你 會 想到 哪 個
c_chat,25 冬 歡迎 來到 日本 妖精 小姐 04]
hatepolitics,討論 大家 覺得 賴清德 該 三 顧 土城 了 嗎
stock,情報  5009 榮剛 三 月 營收  mom 224  yoy 288
stock,新聞 武漢 肺炎 效應 智庫 中國 經濟 規模 提前 5 年
lifeismoney,情報  hola 花蓮店 閉 店 出清
stock,其他 會期 結束 股票 還 套 著 怎 辦
military,分享 第一 個 做 飄移 離開 發射台 火箭
baseball,問題 台灣 教練 沒 人才 了
baseball,分享 德州 大學 這 次 共計 花 455萬 鎂 買斷換 教練
pc_shopping,情報 飛利浦  32 e1 n5800 la 32 型  4 k 60 hz 6588 元
baseball,討論 五 個 球團 現在 想 什麼
c_chat,生日  祝 120 生日 角色 聲優 生日快樂
stock,心得 淺析 公務人員 退休金 勞退 基金 近 五 年 績
pc_shopping,請益 出國 留學 縮小 電腦 選擇
c_chat,閒聊 少女 漫 吻 讓 你 子宮 疼痛
tech_job,新聞 想不到 吧 這 5 種 職業 最 要 人命
stock,請益 投資 要 把握 哪些 原則 比較 好
c_chat,問題 韓國 馬戰車 可以 打 帶 跑 打贏 一 群 波斯 戰象 嗎
pc_shopping,閒聊 玩 單機 大作 會 選 2k  低 fps  還是 1080 畫質 最 高  fps 穩 60
c_chat,神楽めあ 疑似 引退 發文
c_chat,閒聊 真 三國 無雙 起源 有 觸發 哪些 有趣 對話
baseball,討論 有 辛元旭 還 需要 李宗賢 嗎
c_chat,新聞 太 苦 了 孤獨 搖滾 喜多郁代 4／21 生日
c_chat,閒聊  25時 是 世界 r團 嗎
c_chat,問題  吉永 老師 為什麼 那麼 矜持
military,新聞 俄媒 歐盟 外長會 決議 額外 撥款 10億 歐元
baseball,分享 解決 日本 高中 棒球 投 低 打 高 問題 改 棒子 彈性
lifeismoney,情報  淘寶 週五 你 買單 300 rmb 限量
boy-girl,心情 如何 看清 一 個 人 代 po
stock,新聞 電子 五哥 營收 廣達 2月 營收 1505億 元 寫 新
baseball,分享 今日 克維斯
pc_shopping,閒聊  rtx 2090
hatepolitics,新聞 高雄 明年 10月 直飛 仙台 日本 航點 增達 9 座
boy-girl,心情 準備 要 分手 了
c_chat,敗北 小說 後期 老八 為何 不 乾脆 溫水 交往
stock,新聞 長榮 重返 百 元 老手 背書 水手 這樣 看
pc_shopping,菜單  40 k lrps 修圖 影音機
c_chat,24 夏 我 要 招架 一切  01  不錯 看
stock,情報  6869 雲豹 能源 創 第1 季 普通股 已 上市 股數
baseball,新聞  u18 台灣 隊長 王念好 加盟 悍將  合約 總值 高達
c_chat,蔚藍 出 大事 219142 真的 來 了
stock,情報  8039 台虹  6月 營收
boy-girl,徵求 正在 戀愛 關係 中 研究 參與 者 試 者
lifeismoney,情報 家樂福 persil 洗衣露 292 公升 特價 272 元
baseball,討論 這 次 最 該 感謝 是 美國隊
c_chat,實況 魔物 獵人 荒野 目前 剛 打完 赫猿
lifeismoney,情報  lanew  眾多 鞋款  75 折  今天
baseball,分享  mlb  today
c_chat,問題 威力 博士 下跪 認錯 就 放過 他 還 一直 再 犯
pc_shopping,閒聊 中華 電信 下架 光世代 雙向 100 m 速率
baseball,新聞 郭嚴文 敘 舊話家常 柯西諾 炫耀 打 了 曾仁和 2
c_chat,閒聊  vr 網遊 小說 男女 主角 待遇 是 不 是 差 很多
hatepolitics,新聞  12 強 ／ 挨轟 成 中華隊 晉級 關鍵 蔡其昌 總
baseball,分享  tanner  scott 我 希望 每 天 都 能 上場 投球
boy-girl,求助 曖昧 對象 風評 差 想 收手 求 建議
baseball,分享  餅 總  今天 賽 後 富邦 休息室 拍手 鼓勵
stock,新聞 美股 瞭望 美股 恐慌 觸 底 三部曲
pc_shopping,菜單  25 k  工作 遊戲機
boy-girl,求助 每 次 脾氣 總是 來得 突然
boy-girl,求助 去 夜店 酒吧 找 對象 合適 嗎
hatepolitics,討論 柯爸 終身 投 民眾黨
baseball,問題  2021 選秀 首 輪 誰 最 難 用
c_chat,孤獨 結束 樂團 小田急 電鐵 下北沢一日 駅長
hatepolitics,討論 如何 挑戰 2026年 蔣萬安 連任 路
hatepolitics,新聞 高虹安 停職 頻 跑攤 代理 市長 出國 她 代
pc_shopping,菜單  40k 遊戲機 含 銀幕 改
stock,請益 股票 出清 之後 是 不 是 很 好 睡
stock,標的  6598  abcky  檢測 多
military,分享 英國 建議 烏克蘭 改 主攻 克里米亞 半島
pc_shopping,情報 華擎 x570  taichi  razer 太極 雷蛇 補貨 上市
hatepolitics,黑特 台灣 民眾黨 成立 半 年  柯 開始 貪污
baseball,新聞  spcbregman tucker 想 留 休士頓 　soto 要 打 過 再 說
c_chat,母雞  海鈴 是 美國 隊長 嗎
stock,其他  108年 08月 28日 信用 交易 統計
boy-girl,討論 要 怎麼 結束 話題
baseball,討論 風勢 影響 比賽 停賽 標準
stock,新聞 華映 5月 13日 下市 已 達成 大量 解雇 協議
c_chat,閒聊 少林寺 方丈 有 弱 過 嗎
stock,閒聊  20200703 盤中 閒聊
baseball,分享 今日 鈴木誠也  ／  吉田正尚
baseball,討論 富邦 是 6 隊 中 最 常 出現 謎 跑壘 球隊 嗎
baseball,分享 今日 steven
c_chat,閒聊  雨龍 為什麼 在意 千 年 前 屠殺 啊
baseball,新聞  中職 他 騙到 不 相信 人類 田澤純一
stock,新聞 中鋼 興達 海基 新廠 竣工 經長 一 南 一 北
stock,標的  2603 長榮 禮拜一 當 沖空
boy-girl,求助 已經 綠 了 嗎
baseball,分享 今日 林哲瑄
hatepolitics,討論  ok 我 會 罷免 你
baseball,分享 中信 兄弟 本 季 首 次 延長賽 勝利
lifeismoney,情報  pchome 消費 499 送 200 點 分眾
hatepolitics,討論 危機 處理 是 不 是 搞錯 重點 了
c_chat,問題 面板 等級制 設定 是 不 是 種 很 爛 設定
c_chat,閒聊 瑪莉歐 派對 1 秒 內 按 a 鈕 25 下 紀錄
baseball,討論  wbc 找 傭兵 長期 看來 是 好事 嗎
baseball,新聞 林岳平 10 局 下出來 裁判 講話 時機 太 剛好
baseball,新聞  wcy 佐佐木朗希 最 有 可能 轉戰 道奇 美媒
lifeismoney,情報 結婚 吧 婚展 折價券 線 上 線 下 都 適用
stock,新聞  合一 盤中 大量 換手 一度 跌停 打開
c_chat,活俠 創作 解藥 來 了
baseball,新聞 剛 進行 輕微 跑步 蘇智傑 最 快 9月 才 能 歸
stock,標的  2615 tw  暴戾 氣 我 來 終結 處置 出關 多
c_chat,早乙女 ベリー  深夜 歌 回
baseball,分享 今日  hunter  brown
baseball,新聞 羅傑斯 眼神 交鋒 後 說 了 什麼 蘇智傑 解密
c_chat,活俠 梅梅 禽 拆 包雷
baseball,新聞  中職 ／ 找來 6 教練 協助 挖 珍珠 台鋼 領隊
tech_job,新聞 每 件 侵權 專利 陪審團 判定 htc 需 支付 3
military,新聞 約旦 基地 遇襲 3 死 美 防空 系統 未 識別出
c_chat,閒聊 同時 玩 單機 手遊 人 真的 很少 嗎
tech_job,聘書  mtk  vs  ntk
hatepolitics,討論 北卡羅來納州 總統 選舉 地圖 人口 變形圖 19522016
c_chat,問題 名 偵探 柯南 劇場版 漫畫
boy-girl,討論 大家 相信 有 男生 是 女生 閨蜜 嗎
military,分享 經濟 學人 烏克蘭 如何 改造 民用 無人機
c_chat,蔚藍 晚禮服 黑子
baseball,分享 今日 juan  soto
c_chat,問題 日本 戰國 時代 傾 奇 者  vs 伊達 者
c_chat,母雞 其實 挺 好看 的 吧
baseball,例行賽 233 味全  vs  統一  台南
hatepolitics,轉錄  4xgay 民眾黨 主席 給 我 當 我 就 來 騎 這 80 公里
baseball, mlb 費城人 教士  rsuarez ｜dcease
lifeismoney,情報  hilife 萊爾富  18110 快 閃 搶購
baseball,討論  wbc 規則 下 先 攻 比較 好 欸
military,新聞 軍方 105 公厘 戰 砲 甲車 新型 砲管 可 減少 7
stock,閒聊  20201125 盤 後 閒聊
stock,情報 老 四川 2741 營收 704 yoy
lifeismoney,情報 好市多 曼秀 雷敦 強效 防 蚊 噴霧 2 大 597 元
baseball,炸裂  brandon  craw ford
c_chat,閒聊 小林愛香 忘記 自己 幾 歲 時候 就 上 wiki 查
c_chat,閒聊 全球 排名 再 上升 腦筋 急轉彎 2 攻破 14億
boy-girl,求助 這樣 算是 有 好感 嗎
lifeismoney,情報  蝦皮 小米 全 館 下單 滿 5000 返 送 5000 折價券
c_chat,討論 有 人 知道 神鵰 ed 歌名 blasa 是 什麼 意思 嗎
hatepolitics,討論  yahoo 奇摩 軍審 民調
stock,新聞  儒鴻 短單 報到 下 季 迎 春燕
military,新聞 天使輪 1300 個 貨櫃 落海 恰好 展示 了 一 場 封
stock,新聞 拜登 政府 墨灣 油礦 開採 租賃 聯邦 法院 駁
boy-girl,求助 對方 常 不 想 傷害 我 提出 分手 該 怎麼辦
stock,新聞 聯合國 迫切 需要 碳 捕集 利用 封存 技術
hatepolitics,討論 不要 再 傷害 柯文哲 了
baseball,分享 今日 高塩將樹 生涯 初 登板
military,情報 法國 跟進 軍援 烏克蘭 遠程 飛彈
baseball,討論 中職 左 投 左 打 什麼 時候 開始 突然 變多 的
boy-girl,求助 是 不 是 該 放生 男友
baseball,情報  liam  hendriks 球 留下 啊
hatepolitics,討論 笑死 鐘明軒 粉絲 增加  xddddddd
pc_shopping,請益  wd  6 tb  3990
boy-girl,討論 罩杯 真的 能 身高 嗎
tech_job,新聞 台積電 赴 美 投產 3 奈米 人才 成 關鍵 議題
baseball,新聞 黃保羅 暌違 近 8 個 月 再度 先發 江少慶 復原 情
hatepolitics,討論 馬斯克 為何 不 敢 嗆 習近平
stock,新聞 雙 11 再 創 紀錄 成交 金額 突破 百億 人民幣 只
baseball,情報  cpbl 明日 先發 投手
baseball,新聞 布里悍 大雨 暫停 仍 續 投 葉總 他 覺得
baseball,分享 今日 許峻暘
c_chat,閒聊  blacksoul 2  玩完 一半 角色 沒 看到
lifeismoney,情報 牠 catchplay 免費 看
c_chat,閒聊 三上真司 我 生平 第一 次 吃 山椒魚
tech_job,討論 拿到 紙本 offer 晃 點
c_chat,蔚藍 渚 大人 腳 腳
pc_shopping,情報 原價屋 3060  3060 ti 3070 便宜版 大補貨
c_chat,日常 小 動畫 星座
c_chat,閒聊 青豬 最終卷 目錄  hello  goodbye
c_chat,閒聊 很多 娃娃 公車 ☺
pc_shopping,開箱 安耐美 銅 刃 500 w 開箱 更換 自己 舊 power
c_chat,蔚藍 聖亞 今年 也 是 毫無 死角
c_chat,問題  26 分 神 作 治癒師 主角 那 根 是 雷
military,新聞 雷射 武器 上 艦 測試 　陸 神秘 隱形 護衛艦 再
stock,標的 美德 醫療  9103  恐慌 多
hatepolitics,討論 為什麼 不 看 裕隆 汽車 補助
stock,標的  2603 tw  長榮
baseball,分享 美國 藍色 粥
tech_job,討論 年齡 歧視 有 什麼 看法
pc_shopping,心得  g 633  rma   g533 使用 心得
boy-girl,討論 初吻 時候 想 什麼
boy-girl,討論 會 常常 想 一 個 人 過
pc_shopping,請益  10700f vs  3700x 哪 個 推
boy-girl,求助 網路 交友 見面
stock,情報  1513  中興電 7月 營收
lifeismoney,情報  line  points  13
baseball,討論 有 沒 有 人 要 龍貓 道歉 的
lifeismoney,情報 達美樂 週一 週三 外帶 小 披薩 129 元
baseball,分享  cpbl 戰績
lifeismoney,情報  seagate  4 tb  35 吋  sata3 3999
baseball,新聞  mlb 錯失 山本由伸 很 心痛 大都會 765億
pc_shopping,菜單  30 k  輕度 遊戲機
c_chat,蔚藍 發錢 我 愛 檔
baseball,新聞 選秀 陳飛霖 大 黑馬 飛毛腿 成 亮點
c_chat,閒聊  mr魂  gself 完全 背包 明天 開始 預購
baseball,新聞 兒子 曹祐齊 一 軍 初 登板 曹竣崵 帶 家人 南下 見
c_chat,妮姬 番外篇 為什麼 點 一下 就 不 見
stock,情報  2383  台 光電  1月 營收
baseball,分享 亞太 棒球場 主球場 設計圖
pc_shopping,請益 多 音源 共用 喇叭
baseball,新聞 喊話 林昱珉 別 學 王建民 賴清德 炎
stock,請益 開通 複委託 需要 再 開 海外 銀行 帳戶 嗎
stock,新聞 創 今年 來 新高 挖礦股 聯歡
c_chat,海希 鼓手 bass 手 舞台 上 做愛 也 不會 有 人 發現
stock,情報  6414 樺漢  7月 營收
c_chat,蔚藍 瑪莉 一 次 一百 元 喔
baseball,分享 小熊隊 新秀  matt  mervis 入選 以色列 wbc 名單
baseball,分享 村田修一 加入 橫濱 dena 教練團
pc_shopping,閒聊  b 550 超頻 效能 如何
c_chat,閒聊 藥師 少女 獨語 第２ 期 就 今天 就 今天
hatepolitics,討論 民進黨 議員 戒嚴 po文 是 混蛋 小編 自以為是
lifeismoney,情報  apple 官網 line 導購  6 無 上限
pc_shopping,菜單  20k 吃 雞 顯卡 已 有
stock,請益 為何 頭 要 這麼 鐵
tech_job,新聞  影 ／ 竹科 工程師 裸聊 女 網友 玩 鳥 畫面
pc_shopping,請益  2t ssd  裝 遊戲 便宜 導向 25 k 以內
lifeismoney,問題 舒潔 抽取 衛生紙 那邊 買 划算
c_chat,閒聊 一般來說 是 不 是 紅色 人氣 都 比較 高 啊
c_chat,閒聊 母雞卡 就 是 大型 會員制 餐廳
baseball,新聞  spcmlb 補強 內野 防線 紅襪 皇家 換來
baseball,分享 今日 大谷翔平
c_chat,情報 上 低音號 雜誌 封面
c_chat,亞璐 aru  璐音 派對 生日 合唱 歌 回 第一 場 神秘箱  nazobako
lifeismoney,電表
stock,請益 欸 這樣 還 要不要 抽 綠界 阿
stock,心得 永豐 美股 複委託 很 誇張 昨天 晚上 下單 卡死
stock,請益 盤整 後 噴出 怎麼 判斷 是 利多 假 突破
c_chat,閒聊 這 種 骰子 pk 贏 gk 老闆 有 必勝法
boy-girl,心情 各 種 偷吃 個案
stock,情報  5523  豐謙 賺 591 配 18
pc_shopping,開箱  ocz  xtc  cooler 記憶體 散熱器
pc_shopping,測試  ma785 gpmud 2 h  powerplay 測試
tech_job,討論 現在 紅茶店 那 １００ 名  rd  想 什麼
c_chat,亂 馬 良牙 會不會 想 當 一輩子 豬
pc_shopping,情報  intel  11 代 i9  i7 據稱 可 擊敗  ryzen  9 5900 x
lifeismoney,情報 無印良品 週 62778
stock,新聞 劉德音 企業 而言 地緣 政治 是 挑戰
baseball,道奇隊  vs 巨人隊
c_chat,學園 偶像 大師 一些 二創 圖
baseball,新聞  mlb 佐佐木朗希 沒 去 道奇 才 訝異 小 熊
baseball,分享 今日 張育成 雙重賽
c_chat,涼宮 秋葉原 安利美特 阿虛 大量 發生 中
boy-girl,求助 女友 沉迷 神魔 塔
baseball,新聞 具滋昱 李政厚 同 框 尬聊 韓綜 揭露 呆萌 反差
hatepolitics,討論 罷免 其實 蠻 簡單 的 各 地 整理 懶人包
military,分享 美國 海軍 獲得 大 禮包 啦
c_chat,你 齁 en  promise 原創曲 首 播
lifeismoney,情報 屈臣氏 921 六  19002200 85 折
lifeismoney,情報  pchome 我 美麗 日記 盒 損 福利品
baseball,分享 今日 林振瑋  5 局 7k 0 bb
baseball,新聞 台鋼 主場 開幕戰 面子 大 出現 栗
stock,新聞 紅潮 來襲 立訊 奪 iphone  15 高階單 淨利
baseball,討論 柏融 大王 能 日職 王牌 投手 打 過 全壘打 是 不
lifeismoney,問題 租 套房 人
hatepolitics,討論 莫那魯道 騎 黑熊 打敗 日本人 有沒有 搞頭
baseball,新聞 邱智呈 連 7 場 火熱 兄弟 頭號 麻煩
tech_job,請益 文曄 科技 九寧 有限公司
lifeismoney,新聞 遠東 全家 福特 賣 下殺 1 折
military,討論 中共 傾 國 力 多久 拿下 台灣
lifeismoney,情報 家樂福  omar 滿 1000 現 折 100
baseball,討論 今日 劉家翔 二軍
c_chat,活俠  鳥熊 有 畫 男角 們 哭哭 臉 嗎
baseball,炸裂  浅村栄斗  雙響
stock,標的  2377 微星  微 多多
baseball,分享 今日 張政禹  23  一 守備 瑕疵
baseball,新聞  mlb 世界 大賽 洋基 球迷 搶 球 貝茲 x 你
stock,新聞 中共 軍演 消息 無損 台股 收紅 工商 產業界
stock,標的 第一 保 2852  營收 歷史 高 投資 部門 成長
c_chat,閒聊 聖鬥士 星矢 給 我們 什麼 啟示
military,情報 烏俄 戰爭 isw 戰報 20240729
baseball,問題 球季 結束 後  twitch 會 自動 不 續訂 嗎
hatepolitics,新聞 快訊 ／ 柯文哲 遞 狀 聲請 解除 禁見 明天 下
pc_shopping,閒聊 顯卡 挖 礦
c_chat,閒聊  西索 單純 防守 可以 擋下 尼特羅 嗎
pc_shopping,請益 欣亞 華擎 小 鋼炮 影音機
stock,標的 長榮航  2618
c_chat,閒聊 美 少女 夢工場 要 玩 哪 代 才 專業
lifeismoney,情報 慶祝 中華民國 國慶日 故宮 免費 開 宮
baseball,新聞 洋基 不 留 明星 一壘 rizzo 傳 有意 大都會
baseball,新聞  wcy 我們 選 了 帥哥 呂詠臻 獲 樂天 賞識 看 新
stock,標的 中菲行 多
baseball,問題 洋將 大限 前 釋出 洋投 別 隊 可以 簽下 嗎
tech_job,新聞 英特爾 下單 台積  動 了
hatepolitics,討論 國昌師 恭喜 台灣 棒球
c_chat,妮姬  台服 是 不 是 中國人 入侵 了
stock,新聞 曾 列 台灣 第6 大 富婆 必翔 前 董座 蔣清明
boy-girl,討論 另 一半 格鬥 天王 97 打到 超強
baseball,分享 韓職 捕手 回傳 球 考驗 投手
stock,新聞 威盛 集團 ip 能量 爆發
baseball,新聞 郭俊麟 遇 蟲蟲 危機 脖子 後 都 是 蟲
stock,請益 請問 公司 累積 盈餘 現金 如何 影響 股價
pc_shopping,情報  acer eb1 32 型 2 k ips 面板  5888
baseball,新聞 陳金鋒 談 富邦 一軍 努力 最 困難 走出來 林益全 狀況 不錯
lifeismoney,問題 有 推薦 理髮師 嗎
military,閒聊 南韓 萬惡 美帝 你 終於 投降 了 吧
pc_shopping,菜單  威力 導演 影片 剪輯 50 k 以下
baseball,分享 今日 nolan  arenado
c_chat,主線 劇情 追加
tech_job,新聞 蘋果 急 砍 面板 訂單 韓媒 iphone  x 可能 下
c_chat,母雞 燈寶 是 過載 還是 真的 想 重組 哭團 阿
c_chat,閒聊  gbcgif
tech_job,請益 供應商 供應商
baseball,炸裂  ronald  acuna  jr   no 22
c_chat,鐵道  阮梅 帶 停雲 去 見 馭空
baseball,新聞 讓 身體 長大 中 日 岡林 總之 多 吃 米
boy-girl,求助 到底 是 我 想 太多 還是 真的 有 鬼
stock,情報  8299 群聯  五月 營收
baseball,新聞 經典賽 ／ 台灣隊 自辦 練習賽 8 場  14日 首 戰
c_chat,發錢  holo 麥塊 hc 服  圓滿 落幕
baseball,分享  筒香嘉智 擊出 今年 熱身賽 第一 號 全壘打
pc_shopping,心得 換 2080 ti 使用 3840x1600 分享
stock,新聞 三 摺疊 將 亮相 華為 宣布 9月 10日 辦 新品 發
baseball,討論 錢公 一 開始 也 以為 是 保送 吧
stock,新聞 砷化鎵 三 雄 去年 業績 旺 穩懋 全新 創 歷史 新高
c_chat,閒聊 淳于瓊 有 很 著名 嗎
military,討論 德國 陸軍 出動 救災 2021 夏季 歐洲 水災
stock,請益 庫存 融資 可以 改 現股 嗎
lifeismoney,情報 清明 連假 開工 各 家 咖啡 優惠
hatepolitics,討論 小草 爆 文 縣市長 我們 要 改投 國民黨 了
lifeismoney,情報  鬼月 4 款 貼圖 限時 半價
baseball,情報 韓華文 東珠 確定 亞運 完 關機
hatepolitics,討論 這邊 洗 疑美 屁 用 嗎 洗 美國人 kpi 更 高
baseball,討論 打棒球 甚麼 就 能 少 當兵
lifeismoney,情報 全聯 edifier  tws  nb2 藍芽 耳機 1890
stock,新聞 台積電 年前 發 紅包 去年 q4 配息 上 看 每 股 3
military,新聞 金融時報 美 國防部 助理 部長 蔡斯 已經 抵 台
stock,新聞 美 財政部 未 點名 台灣 任何 貿易 夥伴 國 操
stock,情報  5864 致和證  113年 5月 營收
tech_job,討論 台灣 gg 怎麼 了
c_chat,閒聊 異 世界 悠閒 農家 web  871 麥可 先生 聊天
stock,心得  fed 放出 降息 之後 一些 觀點 分享
c_chat,閒聊  niconico 真的 要 島 了 嗎
pc_shopping,情報  windows  10  21 h1 定名為 may  2021  update
c_chat,色圖 推特圖 分享  1758  馬娘
baseball,經典賽 a組 預賽 巴拿馬  112  中華   7 局 上
baseball,阪神  vs  dena ＠  橫濱
boy-girl,討論 你 才 剛 離開
c_chat,閒聊 各位 報告 一下
stock,新聞 美 擬 撤 陸 部分 懲罰 關稅 戴琪 將 劉鶴 坦
stock,新聞 投行 警告 fed 恐 創造出 百 年 來 第3 大 泡沫
c_chat,閒聊 夢 是 不 是 滿 浪漫
lifeismoney,情報  line  points  1  點
stock,情報  shelus 殼牌 第四 季 財報 股息 回購
lifeismoney,省錢 家樂福 fila鞋 2 雙 1500
c_chat,航線 貼貼 聖路易斯
tech_job,新聞 楠梓 園區 動土 陳其邁 台積 改寫 高雄 產業
military,提問 警局 前 槍戰 防彈衣 槍 致命性 問題
boy-girl,心情 男友 要 去 國外 唸書 了
baseball,新聞  6 變 3  兄弟 1 大 關鍵 墊底 直升 第2
stock,請益 請問 有 救命 神器 hfnc 概念股 嗎
c_chat,情報  ducati 魔物 獵人 限定款 摩托車 開放 預訂
lifeismoney,情報 歐舒丹 秀髮 體驗禮 erborian 明星 體驗組
c_chat,情報 夏目 結婚 對象 真人 電影版 預告
tech_job,請益 聯詠 瑞昱  offer 請益 代 po
pc_shopping,情報  dram 未來 展望
stock,新聞 新增 54 例 covid 19 確定 病例 均 為 本土 個案
tech_job,徵才  mentor  graphics –cae  sing apore
baseball,分享  mlb 排名
c_chat,蔚藍 辣妹 彌香  ギ ャルのミカ
lifeismoney,情報 高雄 米開朗基羅 展覽 購 票 優惠
stock,標的  tsm  要 換回  2330 嗎
hatepolitics,討論 台灣 目前 黑粉 數量 第2 是 哪 位 政治人
lifeismoney,情報 春陽 茶事  321 買 一 送 一
c_chat,閒聊  兔 女郎 女 教師
stock,新聞 台股 三 軋 走勢 拚 v型 反轉
boy-girl,挽回 二三 事 續
tech_job,徵才 日本 三菱 自動車 工業  2018年 海外 徵才
stock,新聞 半導體 設備 材料 本地化 韓國 仍 高度 依賴
tech_job,徵才 已 進入 複試 階段 謝謝 大家
boy-girl,分享 牙齒 美白 不只 洗牙
boy-girl,心情 分手 後 生日
c_chat,火影  上忍 實力 多 強
stock,心得 還好 避開 這 兇狠 一 段
lifeismoney,情報  杏 一 健康 生活館 11 元 商品
hatepolitics,黑特 讓 我們 一起 振臂 高呼
baseball,問題 富邦 換 一 個 不 看 球 接 球 一壘 幹嘛
stock,新聞 一 架 波音 737 伊朗 墜機
c_chat,閒聊 請問 五等分 是 五 等分 哪
stock,新聞 需求 續 熱 中鋼 10月 鋼品 出貨 神勇 達 89萬
c_chat,問題 有 劫囚 劇情 很 精彩 作品 嗎
c_chat,買 夠  燈 是 不 是 比較 擅長 你 寫 詩
military,情報 無 後座力 步槍
c_chat,鬥陣 特攻  le  serrafim 合作 新 圖
pc_shopping,情報 爆料 稱 nv 會 推出 rtx  2070 ti 新版 rtx  2080 ti
stock,新聞 智慧 手錶 持續 微 創新 蘋果 手錶 不再 獨霸
tech_job,請益 聯發科 一 面 結果 最 久 等 多久
stock,請益 台股 專注 成長 不 分 股利 etf
pc_shopping,菜單  30 k  剪輯 繪圖
stock,新聞 焦點股 宅 經濟 遠距 教學 需求 增 宏碁股
c_chat,閒聊 米花市 要不要 讓 博愛座
stock,新聞  志超  去年 每 股 稅 後 純益 438 元
tech_job,心得  10年 工研院 工作 心得 分享
stock,新聞 拆股 在即 nvidia 成 南韓 散戶 最 夯 股 今年
military,新聞 德國 公司 稱 無源 雷達 可 追蹤 f35 戰機
pc_shopping,開箱  plextor  m6 v 512 g 開箱
boy-girl,討論 女友 她 很 好 異性 朋友
pc_shopping,情報  3080 ti 揭秘 安培 架構 4 倍 光 追 ipc 升 20
tech_job,討論 中華 大學 科技業 淵源
c_chat,巫てんり  x  tacitly  ciel  歌 回
c_chat,母雞卡 原來 是 黃金之 風 我 還 以為 看 母雞卡
baseball,新聞 經典賽 台灣隊 辛苦 了 地獄 賽程 氣力 放
lifeismoney,省錢  sb 愛思必 金牌 咖哩 全聯 69 元
c_chat,閒聊 為什麼 卡卡西 表 連華 沒有 副作用
boy-girl,討論 想 退回 前 女友 禮物
c_chat,魔物 卡普空 打算 怎麼 圓弓箭 奇幻 設定
baseball,新聞 霸帝士 是 好 打者 豪勁 要 壓力 排除
pc_shopping,請益 預算 2 k cpu 升級 請益
stock,新聞 鞋王寶 成 爆 危機 5 獲利 雙 引擎 同時 熄火
stock,新聞 挖礦潮 復活 傳 比特 大陸 台積電 下  7 奈
baseball,分享 福田周平 再見 突襲 短打
c_chat,閒聊 有 沒有 不 太 壞 反派
lifeismoney,情報 福勝亭 自由時報 39  優惠
c_chat,問題  愛音 去 隔壁 下 北澤 玩 樂團 會不會 比較 開心
baseball,問題 韓國 歷代 亞錦賽 名單 查詢
stock,標的  錸寶  bbq 變 bbq 空
stock,新聞 大成鋼 斥 28億 元 美國 德州 建 新廠  鋁 捲板 產
stock,請益  股王 好聽 之外 有 什麼 特別 處
c_chat,情報 沉默 丘 2 重製版 大成功 bloober  t
baseball,新聞 從小 是 象迷 林澤彬 期待 偶像王
stock,情報  2474  可 成  112年 第二季
pc_shopping,菜單  30 k 左右 文書 遊戲機
baseball,情報 郭俊麟 臉書
baseball,新聞 陳琥 腿部 肌肉 緊繃 兄弟 明 戰 味全 陣 前 換將
baseball,討論 有 沒有 球迷 希望 看到 對手 上 哪 隻 牛
baseball,討論 現在 該 慶幸 小葉 讓 提早 關機 準備 wbcq 嗎
hatepolitics,黑特  操 黃國昌 拿 旗子 呀
baseball,分享  中職 33 年 失誤 塔  0407
boy-girl,輸入 文章 標題
c_chat,春日影 讚 啦
baseball,分享 沙胖 改成 支持 法官 拿 mvp 了
stock,標的 寶齡 富錦  1760 空
c_chat,討論 法環 壺哥 現在 過 如何
lifeismoney,情報 康是美 915 滿 688 打 八五 折 不 含 醫美 彩妝
c_chat,鳴潮 開服 就 端出 20 拿 到 tga 獎 嗎
baseball,分享  均仔 ♥ 芝妍 放閃 吃 美食 合唱 應援 歌
military,新聞 貝宜 系統 拿下 第 17  批次 價值  491 億 美元
c_chat,閒聊 認真 問 黑悟空 值得 買來 玩 嗎
c_chat, vshojo  暁 月 ホタル 陵本 ぎ 圖奇台
c_chat,母雞  11  話 獨角戲 女 演員 實際 演出 拍攝
stock,新聞 北極星 藥業
tech_job,徵才  昊博 國際 服務 徵 javascript nodejs 工程師
pc_shopping,請益 反覆 斷電 重開機
baseball,分享 布雷克 vs 羅力 本 季 對戰
pc_shopping,情報 康博  compro 疑似 倒閉
c_chat,閒聊  桐人 37 歲 會 怎樣
c_chat,原神  美露莘 沒 穿 褲子 萊彌婭
hatepolitics,討論 阿北 收 悟覺妙○ 禪師 現金 1000萬 智庫
c_chat,閒聊 最早 版本 蠟筆 小新 畫風 喜歡 嗎
stock,新聞  omicron 恐慌 舒緩 匯市 周一 早盤 趨 穩 南非
c_chat,tpgs  rog  tpgs  2025 展場 情報 嘉賓 名單
c_chat,蔚藍 吃 便當 陽奈 委員長
stock,新聞 傳 opec 同意 每 日 減產 150萬 桶 國際 油價 黑
c_chat,閒聊 做出 巴比倫 星鳴 特攻 3a 還 值得 驕傲 嗎
c_chat,ｏ 榜 上 週 漫畫 銷量 柯南 bl 咒術 青箱 膽 大 黨
lifeismoney,情報  line  point    1   1
tech_job,討論  offer 文 一直 刪 一直 爽
baseball,分享 林昱珉 今日 投球 影片
c_chat,新聞  萬 代 推 獵人 餅卡  27 款 人氣 角色 全 收藏
stock,新聞 bdi 創 11 年 高 q3 期貨 運價 維持 正價差
c_chat,閒聊 兩 個 講 不明 語言 女人 清耳朵 asmr
baseball,新聞  慶生 最 注意 陳傑憲 高志綱 拜託 選手 帶
pc_shopping,菜單  25 k  影音 剪輯 混音機
c_chat,原神 神里綾華 變 已經 是 只 能 殺掉 了
hatepolitics,討論 謝宜容 為什麼 不 吳 主管 抖出來
stock,新聞 新增 18 例 covid 19 確定 病例 分別 為 15 例
c_chat,蔚藍  サツキ 超大 奶子
baseball,討論 中職 季後賽 有 制度 必要 嗎
hatepolitics,創作 這 依舊 是 屬於 我們 的 微 革命
c_chat,鐵道 阿格萊雅 奶子 真的 很 大
c_chat,閒聊  雪花 拉米 大方 秀 她 雪乳
baseball,新聞 皇家 準備 幹 大事 傳 評估 網羅 小熊 王牌 內 4 位 先發 強投
baseball,分享 今日 張政禹 張祐銘
baseball,情報 中職 總冠軍 g4  運彩 看好 統一 延長 戰線
tech_job,新聞 郭董 又 要 送 禮 這 次 要 讓 臉書 粉絲 喝 參沛飲
tech_job,請益  台 gg 打電話 過來 結果 沒 接到 該 怎麼辦
c_chat,閒聊  鴨 乃 橋 論 為什麼 姓 鴨乃橋
baseball,新聞  wzh  中華隊 秘密 武器 林振瑋 飆 160 公里
pc_shopping,菜單 升級 舊 主機 建議
stock,情報  4987  科誠 5月 營收
c_chat,閒聊 木村拓哉 展示 自己 履歷表
baseball,新聞  中職 ／ 9月 兩 場 賽事 改 大 巨蛋 是 周思齊 引
c_chat,閒聊  eurogamer  100 百 款 遊戲 推薦 排行
baseball,討論 高國麟 的確 信步 4 不4 很 帥
baseball,分享 今日 lars  nootbaar
c_chat,俄語 妹妹 壓 床 有 反應 很 正常 吧
baseball,新聞  spc 動屈肌 手術 整 季 報銷 　bard 展開 另 一 東山再起 路
stock,情報  630 散裝 航運 報價
pc_shopping,請益  asus  cs 5111 機殼 如何 拆
c_chat,情報 孤獨 搖滾 x  かっ ぱ 寿司 合作
tech_job,新聞 宏達電 2月 營收 再 創 低 跌破 10億 大關
baseball,新聞 亞運 棒球 ／ 比賽 球 中華隊 很 熟 吳昇峰
tech_job,新聞 華為 徵才 強攻 晶片 製造
boy-girl,求助 女友 越來越 冷 感覺 快 分手 了
c_chat,乳摸  xbox  360 jrpg迷 將 會 6月 發表會 感興趣
baseball,分享 今日 邱浩鈞
lifeismoney,情報  711 金車 格瑪蘭麥汁 第二 件 折 10 元
baseball,新聞 日籍 教頭 特效藥 百勝 僅 4 人
stock,請益 巴菲特 只 會 做多 為什麼 能 當 股神
stock,新聞 林森北 錢櫃 大火 4 男 2 女 無 生命 跡象
c_chat,閒聊 one 光輝 季節 補番 心得
stock,情報  1223  上市櫃 股票 週轉率 排行
c_chat,絕區 鯊魚妹  ellen  joe 好 可愛 喔
c_chat,絕區  雅 原來 是 繃帶 包 胸
c_chat,你 想 對方 是 邦邦粉
hatepolitics,討論 賴清德 習近平 共同點
military,新聞 巴基斯坦 操作 wz 10
hatepolitics,黑特 沒 人 要 當 大法官 了 恭喜 柯建銘
c_chat,金庸 輕功 馬 比 誰 輕功 比較 好
c_chat,實況  godjj  notd 團  今天 開場 就 有 爆笑點 xddd
c_chat,閒聊 猴子 你 真的 可以 嗎
hatepolitics,討論 有 一 說 一 吱吱 不 評論 一下 柯建銘 要 罷 韓總
tech_job,請益 商科 科技業 只 能 當 會計 嗎
baseball,炸裂  austin  hays
tech_job,新聞 蘋果 攜手 嬌生 apple  watch 及早 預防 中風
baseball,討論 樂天 還 有 機會 重返 榮耀 嗎
baseball,討論 換錯 人 可能性
c_chat,閒聊 今年 甲子園 冠軍 是 韓國 學校
baseball,分享 今日 菊池雄星
c_chat,閒聊 死亡 復甦 重製 豪華版 特別 影片
baseball,新聞 老將 空間 新 世代 壓縮 球迷 抱 著 看 1 次
lifeismoney,情報 必勝客 平日 外帶 大 比薩 199
boy-girl,求助 認識 期間 惹 女生 生氣 代 po
hatepolitics,討論 柯文哲 博弈 教父 拿 300萬 難怪 整 黨 挺 簽
boy-girl,心情 我 她 還 有 沒有 下 一 步
boy-girl,分享 也許 我 不 屬於 人生 框架 裡
pc_shopping,情報 群聯 nand 晶片 原料 開始 缺貨 ssd 漲價 喇
c_chat,蔚藍 哇幹  莉央 使用 時間 暫停
lifeismoney,問題 第四台 以外 選擇
baseball,新聞 大 巨蛋 2 大 地雷 中職 熱身賽 前 改善 遠雄
pc_shopping,情報  crossmark 意外 曝光 i 512490 f  打平 5800x
c_chat,閒聊 堅持 不 付錢 看 正版 動畫 原因 是 什麼
lifeismoney,情報 智利 紅地球 葡萄 499 免 運
pc_shopping,菜單  55 k  遊戲 影音 繪圖機
lifeismoney,情報 曼黛瑪璉 特賣會
baseball,分享 現在 開始 橫濱 反擊
hatepolitics,參選  mshuang 參選
c_chat,閒聊 極速 星舞 閃耀 色彩 哪 部 監督 比較 有 料
military,情報 一 個 非洲 國家 其  t72  交給 了 武裝 部隊
baseball,新聞  影 藍鳥 打線 抓狂 春天哥 攻守 俱佳 美技 接殺 還 跑出 驚天
boy-girl,求助 失去 一 個 很 好 女孩 要 怎麼 釋懷
baseball,新聞 年度 勝率 紅利 瞬間 花光 餅 總 坦言 有 壓
baseball,討論 桃園 測速槍 壞 了 還是 n4 壞 了
baseball,分享  the  athletic 民調 明年 大谷翔平 會 去 哪 隊
stock,新聞  fed 購買 公司債 名單 曝光 att 沃爾瑪
c_chat, うのう 右腦 misumi 魔物 獵人 破曉 7
stock,心得  713816 三 大 法人 買賣超 金額 統計
stock,新聞  00878 開獎 每 股 配 05 元 小 縮水 　2／20 除
c_chat,ｓｃ 甘奈 是 毫無 疑問 可愛 女人 吧
c_chat,新年角 五星 saber 獅心王 理查
baseball,新聞  中職 神全 商品 火速 上架 行銷 團隊 談 約 時 就 想 坦
tech_job,情報 新 n
pc_shopping,情報 庫存 實在 太多 nv 恢復 生產 rtx3080  12 g
tech_job,問卷 探討 企業 適應 外部 環境 能力
pc_shopping,開箱  msi  抱抱龍  x470  gaming  m7  ac 輕 開箱
lifeismoney,情報  北 臉 博客來 4 折 起
hatepolitics,討論 現在 鬧出 國 這 齣 下 幹 到底 是
baseball,炸裂 林承飛
military,分享 國軍 刺槍術 為什麼 不 重視 托擊法
pc_shopping,情報  1010  2g 顯卡
c_chat,閒聊 我 想 成為 堂島 龍
lifeismoney,情報 舒潔 綠茶 多酚 衛生紙 內湖 家樂福
boy-girl,心情 八 年 時光 啊
lifeismoney,情報 韓味 不二 香蕉 牛奶 折後 一 箱 699
stock,新聞  15 檔 投信 買超 跌深 績優股 代操 基金 最愛
c_chat,閒聊 前往 天國 所 需 時間
hatepolitics,討論 阿北 遺囑 有 取消 n1 嗎
hatepolitics,討論 陳宥丞 洩 議會 調查 資料 給 阿北
hatepolitics,討論 簡單說 就 是 你 怎麼 串證 都 是 重刑 了 吧
hatepolitics,黑特 誰 說 殺人犯 一定 死刑
c_chat,問題 真 seed 系列 應該 是 最 強 駕駛員 吧
baseball,討論 泰迪 怎麼 了
c_chat,問題 甲蟲 王者 二 代 是 怎麼 死掉 的
c_chat,閒聊  x 盒子 綠帽癖
pc_shopping,菜單 上限 20 k 寬度 小於 14 cm 影音 文書機
baseball,討論 現在 可以 辜董 許願 什麼 事情
baseball,情報 樂天 桃猿 fb 三壘 戶外 吸煙區 啟用
pc_shopping,菜單  15 k 文書 影音機
baseball,討論 明年 組 個 純 中職 中華隊 是 不 是 很 有 搞頭 啊
stock,標的  3346 麗清
c_chat,閒聊  z 戰士 看到 我 是 蘇趴 貝吉塔 時 想 啥
tech_job,請益 暑期 實習 杜邦 研發 vs  美光 擴散
baseball,情報 聯盟 制服組 給 大谷 550 m 太 低 了 吧
boy-girl,討論 台灣 484 生殖 崇拜 文明
c_chat,問題 最後 生還 者 1 steam 版本 一直 不能 玩
hatepolitics,討論  噁女 吳沛憶 性騷 黃國昌 至今 仍 未 道歉
stock,標的  8234 tw  新漢 負心漢 何其 多
c_chat,閒聊 米國 大統領 川普 有 死亡 筆記本 會 怎麼 用
lifeismoney,情報 多樂米  35 元 兌換券
tech_job,新聞  美 新 芯片 禁令 生效 前 數百 華人 離職 保 美籍
lifeismoney,情報  ubereats 初二 限量 美食 金
c_chat,台漫 漫畫家 哀訴 經費 刪 課程 停辦
military,討論  top  us  air  force  general  was  surprised
baseball,情報  lg 李祥榮 酒駕 肇事 接受 調查 中
lifeismoney,情報  pchome 雙 11  digiking 55 吋 安卓 11 電視  7777
military,分享 烏軍 班級 協同 作戰 影片
hatepolitics,新聞 立委 全部 砍掉 重選 已 3 綠委 叫陣 解散
hatepolitics,討論 政界 交保 金額 前 五 名
lifeismoney,情報  nike 隱形襪 3 雙  315
lifeismoney,情報  h  gallery 開幕 酬賓禮
pc_shopping,菜單  35 k  遊戲 剪輯機
c_chat,蔚藍 妃姬 我 新 髮型 好看 嗎
pc_shopping,閒聊 冷筍牌 冷 筍 過程 影片
c_chat,討論 小孩 就 一定 要 父母 設計好 人生 走 嗎
baseball,情報 起亞 虎魯閣
baseball,分享 本 屆 wbc 中華隊 打者 面對 高階 投手 成績
c_chat,閒聊 男 光美 好 騷
lifeismoney,情報 指定 熊 大 貼圖 兩 折
baseball,新聞 資格賽 中華隊 35 人 名單 大 變動 　12 強
baseball,討論 尤志欽
boy-girl,求助 女友 想要 有 自己 空間 代 po
hatepolitics,討論  政 黑川糞 怎麼 看 川建國 亂 搞
baseball,討論  bernie  williams 竟是 史 上 防守 最 差 cf
c_chat,閒聊  睦 領域 展開 會 是 什麼
c_chat,閒聊 大家 會 無法 接受 公共 游泳池 嗎
baseball,新聞 經典賽 陳其邁 返國 現身 高雄 直播場 喊
c_chat,閒聊 日幣 異世界 很 值錢
boy-girl,討論 個人 行程 會 說 嗎
hatepolitics,討論 民主 繼續 墮落 下去 會 怎樣
hatepolitics,討論 這 次 盧媽 挺 老師 警察 是 不 是 加分 了
tech_job,新聞 聯發科 攻 5g  打入 華為 鏈
lifeismoney,情報 全家 地瓜 有 優惠 022228
lifeismoney,情報  11107011110930 萊爾富 註冊禮
baseball,炸裂 廖健富 no 15
baseball,分享 布雷克  vs  德保拉
baseball,二軍 火腿  vs 羅德 王柏融 先發
tech_job,面試 敬鵬 工業 面試
baseball,討論 佐佐木朗希 富邦 投球 會 怎樣
stock,請益 為什麼 股價 下跌值 利率 上漲 呢
c_chat,情報 萬 代 組裝 模型 凶鳥 mkiii 拳擊手 模式 配件
c_chat,人龍 桐生 六 代 怎麼 了 嗎
boy-girl,求助 請問 我 該 她 問 清楚 嗎
tech_job,請益 台塑 嘉義 新港 銅箔廠
c_chat,閒聊 任天堂 博物館 新 商品
hatepolitics,新聞 劉靜怡 綠 封殺 管中閔 寫 3 遍 大快人心
military,新聞 印度 首 批 6 架 疾風 七月 底 回國
stock,新聞 華碩 揚威 海外 　6 度 榮登 財富 雜誌 全球 最 受 推崇 公司
c_chat,情報 流亡 黯道  2 搶先 體驗 將 延期 三 週
lifeismoney,情報 點心餅 買 一 送 一 19 包
lifeismoney,情報 阿官 國際 餐飲 集團 台灣 pay 回饋 20
c_chat,閒聊 假面 騎士 人氣 奧特曼 壓 著 打 嗎
boy-girl,求助 覺得 還 不 適合 開始 下 一 段 感情
c_chat,閒聊 法環 米凱拉 衛兵 是 米衛兵 那 鐵道 鐘錶匠
c_chat,v 家  ボ カコレ 2025 冬 使用 音源 數 一 覽
baseball,日職 例行賽 阪神隊  vs  中日隊
boy-girl,求助 怕生 女朋友
tech_job,請益 矽品 設備 維護 工程師
boy-girl,求助  43 歲 染 頭髮 有 加分 嗎
stock,情報  1506 正道  11306 營收  y 1407  m 357
baseball,新聞  mlb／ 全壘打 他 神 扯 美技 沒收 打者 苦
boy-girl,求助 喜歡 一 個 女孩 卻 不 知 如何 繼續 推進
tech_job,請益 聯發科 部門 請問
hatepolitics,新聞 丟臉 中國 前 外交官 日本 詐領 武肺 救濟
stock,請益  vix 價格
tech_job,聘書  offer 請益 明泰 華碩 廣達 仁寶
baseball,問題 為什麼 紅中 離開 樂天 樂天 都 弱化 了
stock,請益 當初 宏達電 1300t 是 怎麼 下來 的
c_chat,閒聊  2077 什麼 時候 才 會 開始 好玩
military,情報 英國  烏軍 收復 基輔 外圍 據點 打通 交通線
lifeismoney,情報  coco 都 可 1231 圖 40 元 以上 折 10 元
c_chat,孤獨  虹 夏 好 可愛
stock,心得 華爾街 其實 根本 沒 中國 放 眼 裡 吧
baseball, g1 世界 大谷 三棒 豆城 戰 紅襪
hatepolitics,討論  綠 憤 只 剩下 恥笑 他人 體能 了
pc_shopping,菜單  34k 主機
boy-girl,分享 女生 標準 高 委婉 說法
military,情報 俄國 政府 瀰漫 恐慌 氣氛
c_chat,角川 四葉 妹妹 16 卷 即將 發售
baseball,新聞 桃猿 今天 不會 點燈 想 封王 改看 兄弟 臉
lifeismoney,情報  line  points  5x5
tech_job,請益  offer 選擇 晶電 日月光 台g 問題
c_chat,韓漫  sss 級 死而復生 獵人
c_chat,蔚藍 請 檔案 玩家 發揮 愛心 領養 彩奈
military,情報 烏軍 官方 殲 敵 統計 情報 數 則  24105
c_chat,色圖 推特 圖 分享  1653 雜 圖
stock,情報  金麗科 7月 每 股 盈餘 023 元
stock,新聞 盈餘 兆豐金 2886 自結 15月 稅 後 盈餘 83
tech_job,新聞 聯發科 台積 合作 開發 首 款 採  n6 rf 製程 無
hatepolitics,討論 包 租婆 砍 國人 租屋 補助
baseball,討論 近期 比賽 是 不 是 一再 證明 長打 重要性
baseball,新聞  spc 歡迎 教練團 無 界限 指導 新庄剛志
c_chat,閒聊  cy 宣布 美國 育馬者盃 合作
baseball,分享 今日 賴鴻誠
pc_shopping,情報  crucial  x8  ssd 行動 硬碟 上市 讀取 1050 mbs
c_chat,推薦 阿宅 ♥ 好 噁 ♥ ♥ ♥ 西沢5ミリ 短篇集
stock,情報  0322 八 大 公股 銀行 買賣超 排行
c_chat,討論 吉伊 卡哇 這 劇情
stock,請益 有 送分題 結果 是 陷阱題 先例 嗎
baseball,討論 我們 可以 大聲 說 不 小朋友 世界 第二 了 嗎
c_chat,野獸化 篠澤廣
baseball,分享 今日 林子偉
stock,情報  1563  巧新 113年 3月 營收
stock,新聞 幣安 要 上 coinbase  token
c_chat,情報 葬送 芙莉蓮 總作監 動作 作畫 工作集
baseball,分享 哇 遇到 野生 布雷
hatepolitics,討論 曹董 拿出 票據 打臉 清大 不 風向 大 逆轉 了
lifeismoney,情報 hamipay 單筆 滿 百 最 高 回饋 100 點 累 點 無 上限
c_chat,討論 貓腳印 又 倒 一 間
baseball,討論 現在 味全 去年 季末 味全
c_chat,鳴潮 怎麼 一 句 話 說完 13 劇情 阿
c_chat,暴雪  口 嫌 體 正直 資深 pm d4 賺進 10億 鎂
c_chat,蔚藍 兄弟們 我 已經 看到 優香 第三 套 未來 了
c_chat,閒聊  赤坂 484 故意 寫 爛 的
baseball,新聞 130 公里 初 體驗 莊逢春 讚嘆 陳子豪 power
stock,新聞 不只 食品業 完蛋陸 取消 ecfa  害慘 2 產業
hatepolitics,黑特 八囧 車  看來 很 快 就 翻 了
hatepolitics,討論 國賓 飯店 當初 八卦版 是 網軍 操作 嗎
tech_job,請益 類比 ic 領域 選擇 serdes  vs  pmic
baseball,分享 投手 摔 手套
stock,請益 大媽 操作  484 存股族 幹練
c_chat,閒聊  股 間 無雙 第291 話
baseball,問題 岳東華 那 一 擊 是 安打 吧
boy-girl,討論 女生 會 一直 講 男生 很 帥 很 可愛 求解
military,新聞 國造 t75 k3 手槍 啟動 第二 階段 量產
baseball,分享 火腿 時期 栗山 監督 訪談 大谷翔平
military,分享 美軍 公開 實驗型 155 mm 輪砲車
lifeismoney,情報 摩斯 漢堡  嗶 悠遊 好運 薯 你
stock,新聞  apple  vision  pro 台灣 上市 日期 突襲 公開
baseball,分享 歷史 上 今天 201897 獅 猿 跨 日 戰
hatepolitics,轉錄 民進黨 fb  母語 日 酸 藍 白
tech_job,徵才 美商 倍佳 國際 徵 rails  developer
c_chat,閒聊  蛋雕 這 個 詞 484 倍 這 季 俄語 發揚光大
stock,情報  4979  華星光 3月 營收
stock,新聞  世芯 ky 有 亞馬遜 撐腰 外資 喊上 880
c_chat,24 春 迷宮飯 20 野獸 裸體 不會 讓 人 興奮 對 吧
hatepolitics,討論 民眾黨 內部 政黨 支持度 民調
pc_shopping,請益  pchome 退貨 電腦 刁難
hatepolitics,黑特 澎湖 球員 參加 台灣隊
tech_job,新聞 郭智輝 將 菲國 建 綠 電廠
stock,新聞 獨家 新光金 委託書 開徵 首日 火速 調高價
stock,新聞 美股 盤後 道瓊 大跌 650 點 創 9月 初 以來
lifeismoney,情報  orbis 防曬 任選 2 件 85 折
stock,其他  108年 05月 13日 三 大 法人 買賣 金額 統計表
boy-girl,心情 分手 勇氣
boy-girl,北 寫 了 一 堆 才 看到 過期 刪掉 才 看到 延期
lifeismoney,情報  line 罵人 不 帶 髒字 貼圖 5 折
stock,新聞 美 民主黨 將 提 宏大 計畫  2035年 汽車 百分 百
baseball,分享 今日  eddie  rosario
stock,情報 00795 b  中信 美債 20 年 配息 035
c_chat, holoen 逃獄組 種 草莓
boy-girl,討論 老公 偷拍 好友 胸部 下體 會 好友 說 嗎
baseball,分享 西武隊 公布 2025年 新 球季 教練團
stock,新聞 中國 祭 限產 政策 推升 鋁價 大漲 大成 鋼鋁捲
lifeismoney,討論 歐樂b 專業 口腔 護理 組
baseball,新聞 達比修 有 扛 第5 戰 喊話 想 山本由伸 道奇
lifeismoney,問題 哪 邊 買 到 便宜 垃圾桶
stock,標的 偉詮電 2436 多 殖利率 填息率 高
hatepolitics,黑特 傻鳥 男 神 瞎掰 王尚公 其實 什麼 也 不 懂
baseball,分享  中職 下 半 季 打擊榜
lifeismoney,情報  光南 買 heme 指甲油 超 便宜
military,情報 步兵 訓練 指揮部 訓練 紀錄
c_chat,問題 玩 法環 dlc 系統 說 偵測到 作弊 行為
baseball,新聞 曾 無 安打 比賽 兩 屆 賽揚獎 一 代 強投 　37 歲 庫魯伯 宣布 退休
lifeismoney,情報 十 杯  81  金 典牧 奶茶 買 一 送 一
lifeismoney,情報  coco 莓果 派對 線上 訂餐 優惠 第2 杯 0 元 今天
lifeismoney,情報 德瑞克 名床 全 館 9 折 指定 組合 85 折 另 有 加碼
c_chat,蔚藍 老師 你 真的 有 在 反省 嗎
c_chat,孤獨 來自 星歌 按摩
pc_shopping,請益 備份 儲存用 硬碟
baseball,分享 愛爾達 fb  大谷 紀錄 夜 中文 解說版
c_chat,閒聊  露西 其實 是 卡呂東 媽媽 吧
baseball,討論 球團 應該 更 低調 處理 問題 吧
baseball,分享 今日  tanner  scott 季後賽 成績
stock,新聞 已 張忠謀 吃飯 黃仁勳 談 禁令 憂 丟 陸
baseball,分享 今日 曾子祐  52
baseball,討論 中華 電信隊 去 高雄 根本 是 死亡 組合
tech_job,討論  wwwwwww  開獎
baseball,新聞  中職 ／ 愛戀 拾光 壓軸 登場 16 位 fubon
lifeismoney,情報 富邦 卡友 g2000 消費 有 折扣 喔
c_chat,問題 野蠻 遊戲 是 線上 遊戲 會 sao 危險 嗎
military,新聞  su57 第1 種 改良型 su57 m 戰機 即將 推出
stock,新聞 俄羅斯 將 祭 資本 管制 試 阻 外資 出逃
